ca,elapsed_ms,dex_pair_count,dex_best_liq,dex_has_image_fields,dex_candidate_fields,dex_selected_url,dex_selected_source,dex_reason,pump_should_probe,pump_image_uri,pump_other_image_keys,pump_selected_url,pump_selected_source,pump_reason,gmgn_selected_url,gmgn_selected_source,gmgn_reason,path_hit,path_value,final_class,notes
5JAXbqTMJc2ZcdQL8kKxeBwpG9HN76MMAnTdExyRpump,623,1,0.0,False,,,,pairs_present_but_no_image_fields,True,,,,,"http_530:<!DOCTYPE html>
<!--[if lt IE 7]> <html class=""no-js ie6 oldie"" lang=""en-US""> <![endif]-->
<!--[if IE 7]>    <html class=""no-js ie7 oldie"" lang=""en-US""> <![endif]-->
<!--[if IE 8]>",,,skipped,False,,no_public_image_source,
6vikMVXwa987yVenBn3P1iHsoTcjAp42SsSKUYcwpump,421,1,0.0,False,,,,pairs_present_but_no_image_fields,True,,,,,"http_530:<!DOCTYPE html>
<!--[if lt IE 7]> <html class=""no-js ie6 oldie"" lang=""en-US""> <![endif]-->
<!--[if IE 7]>    <html class=""no-js ie7 oldie"" lang=""en-US""> <![endif]-->
<!--[if IE 8]>",,,skipped,False,,no_public_image_source,
9TAykmz2RK97apRV3rwyJNnPgJY3Fu98yZQXcUJSpump,467,1,0.0,False,,,,pairs_present_but_no_image_fields,True,,,,,"http_530:<!DOCTYPE html>
<!--[if lt IE 7]> <html class=""no-js ie6 oldie"" lang=""en-US""> <![endif]-->
<!--[if IE 7]>    <html class=""no-js ie7 oldie"" lang=""en-US""> <![endif]-->
<!--[if IE 8]>",,,skipped,False,,no_public_image_source,
6naLvwxo84oFeK8sEYeuSDmyCMzpJLJvzADuXbQmpump,524,1,0.0,False,,,,pairs_present_but_no_image_fields,True,,,,,"http_530:<!DOCTYPE html>
<!--[if lt IE 7]> <html class=""no-js ie6 oldie"" lang=""en-US""> <![endif]-->
<!--[if IE 7]>    <html class=""no-js ie7 oldie"" lang=""en-US""> <![endif]-->
<!--[if IE 8]>",,,skipped,False,,no_public_image_source,
9boMocazJCnA41HRFa5q1WPzHMU83sQswmVMsdT1pump,470,1,0.0,False,,,,pairs_present_but_no_image_fields,True,,,,,"http_530:<!DOCTYPE html>
<!--[if lt IE 7]> <html class=""no-js ie6 oldie"" lang=""en-US""> <![endif]-->
<!--[if IE 7]>    <html class=""no-js ie7 oldie"" lang=""en-US""> <![endif]-->
<!--[if IE 8]>",,,skipped,False,,no_public_image_source,
F8yiuqyAeUHseuHUJLJTZGpcJo69QHZD8MKAn5oYpump,463,0,0.0,False,,,,no_pairs,True,,,,,"http_530:<!DOCTYPE html>
<!--[if lt IE 7]> <html class=""no-js ie6 oldie"" lang=""en-US""> <![endif]-->
<!--[if IE 7]>    <html class=""no-js ie7 oldie"" lang=""en-US""> <![endif]-->
<!--[if IE 8]>",,,skipped,False,,no_public_image_source,
BUYoUoSMuhXhjcnFZn7Ym6Z8SSL3bnBbPXVS5H3ipump,433,1,0.0,False,,,,pairs_present_but_no_image_fields,True,,,,,"http_530:<!DOCTYPE html>
<!--[if lt IE 7]> <html class=""no-js ie6 oldie"" lang=""en-US""> <![endif]-->
<!--[if IE 7]>    <html class=""no-js ie7 oldie"" lang=""en-US""> <![endif]-->
<!--[if IE 8]>",,,skipped,False,,no_public_image_source,
91ZNjmsjMVdi6jYx313yBonvPbBSDT16B8joFrFxpump,294,1,0.0,False,,,,pairs_present_but_no_image_fields,True,,,,,"http_530:<!DOCTYPE html>
<!--[if lt IE 7]> <html class=""no-js ie6 oldie"" lang=""en-US""> <![endif]-->
<!--[if IE 7]>    <html class=""no-js ie7 oldie"" lang=""en-US""> <![endif]-->
<!--[if IE 8]>",,,skipped,False,,no_public_image_source,
J95Nvz1NaX32gfTyq62uPDNaHPWeJ49vNJoH2eiMpump,421,0,0.0,False,,,,no_pairs,True,,,,,"http_530:<!DOCTYPE html>
<!--[if lt IE 7]> <html class=""no-js ie6 oldie"" lang=""en-US""> <![endif]-->
<!--[if IE 7]>    <html class=""no-js ie7 oldie"" lang=""en-US""> <![endif]-->
<!--[if IE 8]>",,,skipped,False,,no_public_image_source,
8d7CDhkxj5zvfam9qysCG8zUm1fcsRn7GmU2475epump,504,1,0.0,False,,,,pairs_present_but_no_image_fields,True,,,,,"http_530:<!DOCTYPE html>
<!--[if lt IE 7]> <html class=""no-js ie6 oldie"" lang=""en-US""> <![endif]-->
<!--[if IE 7]>    <html class=""no-js ie7 oldie"" lang=""en-US""> <![endif]-->
<!--[if IE 8]>",,,skipped,False,,no_public_image_source,
DjDjxZWLmcafABUzWoAHjkVVyAw3ukEsVk59RkCTpump,423,1,0.0,False,,,,pairs_present_but_no_image_fields,True,,,,,"http_530:<!DOCTYPE html>
<!--[if lt IE 7]> <html class=""no-js ie6 oldie"" lang=""en-US""> <![endif]-->
<!--[if IE 7]>    <html class=""no-js ie7 oldie"" lang=""en-US""> <![endif]-->
<!--[if IE 8]>",,,skipped,False,,no_public_image_source,
