experiment_id,ca,sample_type,start_time,end_time,elapsed_ms,success,source,depends_on_page,stage,gate_valid,blocked_reason,result_strength,url_hit,path_hit,display_hit,field_group,top10_value,liq_value,tag_count,error_type,notes
A2-001,So11111111111111111111111111111111111111112,avatar,2026-03-21 16:11:39,2026-03-21 16:11:40,532,True,dexscreener,False,avatar_url,,,,True,,,,,,,,https://cdn.dexscreener.com/cms/images/fcfb87378d3198fe753ca08ba51a5552a84f34cf48cd09d83971aa195bdf00d2?width=800&height=800&quality=95&format=auto
A2-002,5JAXbqTMJc2ZcdQL8kKxeBwpG9HN76MMAnTdExyRpump,avatar,2026-03-21 16:11:40,2026-03-21 16:11:40,202,False,dex,False,avatar_url,,,,False,,,,,,,,source_empty
A2-003,6vikMVXwa987yVenBn3P1iHsoTcjAp42SsSKUYcwpump,avatar,2026-03-21 16:11:40,2026-03-21 16:11:40,204,False,dex,False,avatar_url,,,,False,,,,,,,,source_empty
A2-004,6LbSLaDwTTke2nmMzP2NKuEWVP7QWPGvmNMjD7QApump,avatar,2026-03-21 16:11:40,2026-03-21 16:11:40,209,True,dexscreener,False,avatar_url,,,,True,,,,,,,,https://cdn.dexscreener.com/cms/images/vC4Si51DMHcgai0l?width=800&height=800&quality=95&format=auto
A2-005,9UWJoB4LqoqUzPANph1bmdGGRnM5mUdWLRSMheJspump,avatar,2026-03-21 16:11:40,2026-03-21 16:11:41,179,True,dexscreener,False,avatar_url,,,,True,,,,,,,,https://cdn.dexscreener.com/cms/images/lf57hV2DgnpsEly7?width=800&height=800&quality=95&format=auto
A2-006,GAdg5dJgNNmuBUh4N8PXM7YXKjTADmPuu3pZ2C8Zpump,avatar,2026-03-21 16:11:41,2026-03-21 16:11:41,219,True,dexscreener,False,avatar_url,,,,True,,,,,,,,https://cdn.dexscreener.com/cms/images/HDpvRU44eiaDKX2i?width=800&height=800&quality=95&format=auto
A2-007,9TAykmz2RK97apRV3rwyJNnPgJY3Fu98yZQXcUJSpump,avatar,2026-03-21 16:11:41,2026-03-21 16:11:41,183,False,dex,False,avatar_url,,,,False,,,,,,,,source_empty
A2-008,6naLvwxo84oFeK8sEYeuSDmyCMzpJLJvzADuXbQmpump,avatar,2026-03-21 16:11:41,2026-03-21 16:11:41,175,False,dex,False,avatar_url,,,,False,,,,,,,,source_empty
A2-009,9boMocazJCnA41HRFa5q1WPzHMU83sQswmVMsdT1pump,avatar,2026-03-21 16:11:41,2026-03-21 16:11:41,210,False,dex,False,avatar_url,,,,False,,,,,,,,source_empty
A2-010,F8yiuqyAeUHseuHUJLJTZGpcJo69QHZD8MKAn5oYpump,avatar,2026-03-21 16:11:41,2026-03-21 16:11:42,188,False,dex,False,avatar_url,,,,False,,,,,,,,source_empty
A2-011,BUYoUoSMuhXhjcnFZn7Ym6Z8SSL3bnBbPXVS5H3ipump,avatar,2026-03-21 16:11:42,2026-03-21 16:11:42,203,False,dex,False,avatar_url,,,,False,,,,,,,,source_empty
A2-012,91ZNjmsjMVdi6jYx313yBonvPbBSDT16B8joFrFxpump,avatar,2026-03-21 16:11:42,2026-03-21 16:11:42,221,False,dex,False,avatar_url,,,,False,,,,,,,,source_empty
A2-013,J95Nvz1NaX32gfTyq62uPDNaHPWeJ49vNJoH2eiMpump,avatar,2026-03-21 16:11:42,2026-03-21 16:11:42,226,False,dex,False,avatar_url,,,,False,,,,,,,,source_empty
A2-014,8d7CDhkxj5zvfam9qysCG8zUm1fcsRn7GmU2475epump,avatar,2026-03-21 16:11:42,2026-03-21 16:11:42,211,False,dex,False,avatar_url,,,,False,,,,,,,,source_empty
A2-015,DjDjxZWLmcafABUzWoAHjkVVyAw3ukEsVk59RkCTpump,avatar,2026-03-21 16:11:42,2026-03-21 16:11:43,197,False,dex,False,avatar_url,,,,False,,,,,,,,source_empty
A3-001,So11111111111111111111111111111111111111112,avatar,2026-03-21 16:11:43,2026-03-21 16:11:43,0,False,pump,False,avatar_url,,,,False,,,,,,,,source_empty
A3-002,5JAXbqTMJc2ZcdQL8kKxeBwpG9HN76MMAnTdExyRpump,avatar,2026-03-21 16:11:43,2026-03-21 16:11:43,185,False,pump,False,avatar_url,,,,False,,,,,,,,source_empty
A3-003,6vikMVXwa987yVenBn3P1iHsoTcjAp42SsSKUYcwpump,avatar,2026-03-21 16:11:43,2026-03-21 16:11:43,80,False,pump,False,avatar_url,,,,False,,,,,,,,source_empty
A3-004,6LbSLaDwTTke2nmMzP2NKuEWVP7QWPGvmNMjD7QApump,avatar,2026-03-21 16:11:43,2026-03-21 16:11:43,200,False,pump,False,avatar_url,,,,False,,,,,,,,source_empty
A3-005,9UWJoB4LqoqUzPANph1bmdGGRnM5mUdWLRSMheJspump,avatar,2026-03-21 16:11:43,2026-03-21 16:11:43,57,False,pump,False,avatar_url,,,,False,,,,,,,,source_empty
A3-006,GAdg5dJgNNmuBUh4N8PXM7YXKjTADmPuu3pZ2C8Zpump,avatar,2026-03-21 16:11:43,2026-03-21 16:11:43,161,False,pump,False,avatar_url,,,,False,,,,,,,,source_empty
A3-007,9TAykmz2RK97apRV3rwyJNnPgJY3Fu98yZQXcUJSpump,avatar,2026-03-21 16:11:43,2026-03-21 16:11:43,153,False,pump,False,avatar_url,,,,False,,,,,,,,source_empty
A3-008,6naLvwxo84oFeK8sEYeuSDmyCMzpJLJvzADuXbQmpump,avatar,2026-03-21 16:11:43,2026-03-21 16:11:44,159,False,pump,False,avatar_url,,,,False,,,,,,,,source_empty
A3-009,9boMocazJCnA41HRFa5q1WPzHMU83sQswmVMsdT1pump,avatar,2026-03-21 16:11:44,2026-03-21 16:11:44,56,False,pump,False,avatar_url,,,,False,,,,,,,,source_empty
A3-010,F8yiuqyAeUHseuHUJLJTZGpcJo69QHZD8MKAn5oYpump,avatar,2026-03-21 16:11:44,2026-03-21 16:11:44,190,False,pump,False,avatar_url,,,,False,,,,,,,,source_empty
A3-011,BUYoUoSMuhXhjcnFZn7Ym6Z8SSL3bnBbPXVS5H3ipump,avatar,2026-03-21 16:11:44,2026-03-21 16:11:44,183,False,pump,False,avatar_url,,,,False,,,,,,,,source_empty
A3-012,91ZNjmsjMVdi6jYx313yBonvPbBSDT16B8joFrFxpump,avatar,2026-03-21 16:11:44,2026-03-21 16:11:44,76,False,pump,False,avatar_url,,,,False,,,,,,,,source_empty
A3-013,J95Nvz1NaX32gfTyq62uPDNaHPWeJ49vNJoH2eiMpump,avatar,2026-03-21 16:11:44,2026-03-21 16:11:44,64,False,pump,False,avatar_url,,,,False,,,,,,,,source_empty
A3-014,8d7CDhkxj5zvfam9qysCG8zUm1fcsRn7GmU2475epump,avatar,2026-03-21 16:11:44,2026-03-21 16:11:44,72,False,pump,False,avatar_url,,,,False,,,,,,,,source_empty
A3-015,DjDjxZWLmcafABUzWoAHjkVVyAw3ukEsVk59RkCTpump,avatar,2026-03-21 16:11:44,2026-03-21 16:11:44,67,False,pump,False,avatar_url,,,,False,,,,,,,,source_empty
A6-001,So11111111111111111111111111111111111111112,avatar,2026-03-21 16:11:44,2026-03-21 16:11:45,809,True,dexscreener,False,avatar_materialize,,,,True,True,True,,,,,,data/token_avatars\So11111111111111111111111111111111111111112.jpg
A6-002,5JAXbqTMJc2ZcdQL8kKxeBwpG9HN76MMAnTdExyRpump,avatar,2026-03-21 16:11:45,2026-03-21 16:11:45,280,False,none,False,avatar_materialize,,,,False,False,False,,,,,,source_empty
A6-003,6vikMVXwa987yVenBn3P1iHsoTcjAp42SsSKUYcwpump,avatar,2026-03-21 16:11:45,2026-03-21 16:11:46,270,False,none,False,avatar_materialize,,,,False,False,False,,,,,,source_empty
A6-004,6LbSLaDwTTke2nmMzP2NKuEWVP7QWPGvmNMjD7QApump,avatar,2026-03-21 16:11:46,2026-03-21 16:11:46,335,True,dexscreener,False,avatar_materialize,,,,True,True,True,,,,,,data/token_avatars\6LbSLaDwTTke2nmMzP2NKuEWVP7QWPGvmNMjD7QApump.jpg
A6-005,9UWJoB4LqoqUzPANph1bmdGGRnM5mUdWLRSMheJspump,avatar,2026-03-21 16:11:46,2026-03-21 16:11:47,500,True,dexscreener,False,avatar_materialize,,,,True,True,True,,,,,,data/token_avatars\9UWJoB4LqoqUzPANph1bmdGGRnM5mUdWLRSMheJspump.jpg
A6-006,GAdg5dJgNNmuBUh4N8PXM7YXKjTADmPuu3pZ2C8Zpump,avatar,2026-03-21 16:11:47,2026-03-21 16:11:47,321,True,dexscreener,False,avatar_materialize,,,,True,True,True,,,,,,data/token_avatars\GAdg5dJgNNmuBUh4N8PXM7YXKjTADmPuu3pZ2C8Zpump.jpg
A6-007,9TAykmz2RK97apRV3rwyJNnPgJY3Fu98yZQXcUJSpump,avatar,2026-03-21 16:11:47,2026-03-21 16:11:47,411,False,none,False,avatar_materialize,,,,False,False,False,,,,,,source_empty
A6-008,6naLvwxo84oFeK8sEYeuSDmyCMzpJLJvzADuXbQmpump,avatar,2026-03-21 16:11:47,2026-03-21 16:11:48,368,False,none,False,avatar_materialize,,,,False,False,False,,,,,,source_empty
A6-009,9boMocazJCnA41HRFa5q1WPzHMU83sQswmVMsdT1pump,avatar,2026-03-21 16:11:48,2026-03-21 16:11:48,265,False,none,False,avatar_materialize,,,,False,False,False,,,,,,source_empty
A6-010,F8yiuqyAeUHseuHUJLJTZGpcJo69QHZD8MKAn5oYpump,avatar,2026-03-21 16:11:48,2026-03-21 16:11:48,377,False,none,False,avatar_materialize,,,,False,False,False,,,,,,source_empty
A6-011,BUYoUoSMuhXhjcnFZn7Ym6Z8SSL3bnBbPXVS5H3ipump,avatar,2026-03-21 16:11:48,2026-03-21 16:11:49,273,False,none,False,avatar_materialize,,,,False,False,False,,,,,,source_empty
A6-012,91ZNjmsjMVdi6jYx313yBonvPbBSDT16B8joFrFxpump,avatar,2026-03-21 16:11:49,2026-03-21 16:11:49,266,False,none,False,avatar_materialize,,,,False,False,False,,,,,,source_empty
A6-013,J95Nvz1NaX32gfTyq62uPDNaHPWeJ49vNJoH2eiMpump,avatar,2026-03-21 16:11:49,2026-03-21 16:11:49,444,False,none,False,avatar_materialize,,,,False,False,False,,,,,,source_empty
A6-014,8d7CDhkxj5zvfam9qysCG8zUm1fcsRn7GmU2475epump,avatar,2026-03-21 16:11:49,2026-03-21 16:11:50,250,False,none,False,avatar_materialize,,,,False,False,False,,,,,,source_empty
A6-015,DjDjxZWLmcafABUzWoAHjkVVyAw3ukEsVk59RkCTpump,avatar,2026-03-21 16:11:50,2026-03-21 16:11:50,328,False,none,False,avatar_materialize,,,,False,False,False,,,,,,source_empty
A7-001,So11111111111111111111111111111111111111112,avatar,2026-03-21 16:11:50,2026-03-21 16:11:50,8,True,stable_cache,False,first_card_avatar,,,,True,True,True,,,,,,data/token_avatars\So11111111111111111111111111111111111111112.jpg
A7-002,5JAXbqTMJc2ZcdQL8kKxeBwpG9HN76MMAnTdExyRpump,avatar,2026-03-21 16:11:50,2026-03-21 16:11:50,86,False,none,False,first_card_avatar,,,,False,False,False,,,,,,budget_exhausted_or_no_source
A7-003,6vikMVXwa987yVenBn3P1iHsoTcjAp42SsSKUYcwpump,avatar,2026-03-21 16:11:50,2026-03-21 16:11:50,80,False,none,False,first_card_avatar,,,,False,False,False,,,,,,budget_exhausted_or_no_source
A7-004,6LbSLaDwTTke2nmMzP2NKuEWVP7QWPGvmNMjD7QApump,avatar,2026-03-21 16:11:50,2026-03-21 16:11:50,5,True,stable_cache,False,first_card_avatar,,,,True,True,True,,,,,,data/token_avatars\6LbSLaDwTTke2nmMzP2NKuEWVP7QWPGvmNMjD7QApump.jpg
A7-005,9UWJoB4LqoqUzPANph1bmdGGRnM5mUdWLRSMheJspump,avatar,2026-03-21 16:11:50,2026-03-21 16:11:50,6,True,stable_cache,False,first_card_avatar,,,,True,True,True,,,,,,data/token_avatars\9UWJoB4LqoqUzPANph1bmdGGRnM5mUdWLRSMheJspump.jpg
A7-006,GAdg5dJgNNmuBUh4N8PXM7YXKjTADmPuu3pZ2C8Zpump,avatar,2026-03-21 16:11:50,2026-03-21 16:11:50,7,True,stable_cache,False,first_card_avatar,,,,True,True,True,,,,,,data/token_avatars\GAdg5dJgNNmuBUh4N8PXM7YXKjTADmPuu3pZ2C8Zpump.jpg
A7-007,9TAykmz2RK97apRV3rwyJNnPgJY3Fu98yZQXcUJSpump,avatar,2026-03-21 16:11:50,2026-03-21 16:11:50,323,False,none,False,first_card_avatar,,,,False,False,False,,,,,,budget_exhausted_or_no_source
A7-008,6naLvwxo84oFeK8sEYeuSDmyCMzpJLJvzADuXbQmpump,avatar,2026-03-21 16:11:50,2026-03-21 16:11:50,67,False,none,False,first_card_avatar,,,,False,False,False,,,,,,budget_exhausted_or_no_source
A7-009,9boMocazJCnA41HRFa5q1WPzHMU83sQswmVMsdT1pump,avatar,2026-03-21 16:11:50,2026-03-21 16:11:51,65,False,none,False,first_card_avatar,,,,False,False,False,,,,,,budget_exhausted_or_no_source
A7-010,F8yiuqyAeUHseuHUJLJTZGpcJo69QHZD8MKAn5oYpump,avatar,2026-03-21 16:11:51,2026-03-21 16:11:51,185,False,none,False,first_card_avatar,,,,False,False,False,,,,,,budget_exhausted_or_no_source
A7-011,BUYoUoSMuhXhjcnFZn7Ym6Z8SSL3bnBbPXVS5H3ipump,avatar,2026-03-21 16:11:51,2026-03-21 16:11:51,165,False,none,False,first_card_avatar,,,,False,False,False,,,,,,budget_exhausted_or_no_source
A7-012,91ZNjmsjMVdi6jYx313yBonvPbBSDT16B8joFrFxpump,avatar,2026-03-21 16:11:51,2026-03-21 16:11:51,179,False,none,False,first_card_avatar,,,,False,False,False,,,,,,budget_exhausted_or_no_source
A7-013,J95Nvz1NaX32gfTyq62uPDNaHPWeJ49vNJoH2eiMpump,avatar,2026-03-21 16:11:51,2026-03-21 16:11:51,170,False,none,False,first_card_avatar,,,,False,False,False,,,,,,budget_exhausted_or_no_source
A7-014,8d7CDhkxj5zvfam9qysCG8zUm1fcsRn7GmU2475epump,avatar,2026-03-21 16:11:51,2026-03-21 16:11:51,179,False,none,False,first_card_avatar,,,,False,False,False,,,,,,budget_exhausted_or_no_source
A7-015,DjDjxZWLmcafABUzWoAHjkVVyAw3ukEsVk59RkCTpump,avatar,2026-03-21 16:11:51,2026-03-21 16:11:52,162,False,none,False,first_card_avatar,,,,False,False,False,,,,,,budget_exhausted_or_no_source
