ca,bitquery_ratio,top10_raw_pct_self,top10_owner_pct_self,top10_effective_pct_self,late_gmgn_new_top10,bitquery_holders_count,top10_excluded_n_self,late_gmgn_reasons,suspect_reasons,gap_bitquery_vs_effective,gap_bitquery_vs_late_gmgn,gap_effective_vs_late_gmgn_abs
9XHtgoUr,99.6479,88.5557,88.5557,17.467,18.9,1,1,"gmgn_top10_arrived,liquidity_arrived,safety_changed,tags_arrived","bitquery_ge_80,holders_count_eq_1,bitquery_minus_effective_ge_20,effective_close_to_late_gmgn",82.1809,80.7479,1.433
PcrpXbVp,100.0,49.6288,49.6288,21.3116,21.3,2,1,"gmgn_top10_arrived,liquidity_arrived,safety_changed,tags_arrived","bitquery_ge_80,bitquery_minus_effective_ge_20,effective_close_to_late_gmgn",78.6884,78.7,0.0116
3jUDeKvQ,98.8041,75.7939,75.7939,21.4339,1.0,1,1,"gmgn_top10_arrived,liquidity_arrived,safety_changed,tags_arrived","bitquery_ge_80,holders_count_eq_1,bitquery_minus_effective_ge_20",77.3702,97.8041,20.4339
5YtcoZPP,98.6054,63.0514,63.0514,21.9963,22.1,1,2,"gmgn_top10_arrived,liquidity_arrived,safety_changed,tags_arrived","bitquery_ge_80,holders_count_eq_1,bitquery_minus_effective_ge_20,effective_close_to_late_gmgn",76.6091,76.5054,0.1037
BmLRypou,95.2724,82.9787,82.9787,19.8471,20.4,1,1,"gmgn_top10_arrived,liquidity_arrived,safety_changed,tags_arrived","bitquery_ge_80,holders_count_eq_1,bitquery_minus_effective_ge_20,effective_close_to_late_gmgn",75.4253,74.8724,0.5529
AYbTfp6C,95.807,63.483,63.483,20.9673,18.9,1,2,"gmgn_top10_arrived,liquidity_arrived,safety_changed,tags_arrived","bitquery_ge_80,holders_count_eq_1,bitquery_minus_effective_ge_20,effective_close_to_late_gmgn",74.8397,76.907,2.0673
FsJK5bTs,93.3714,65.4574,65.4574,18.5917,18.6,1,1,"gmgn_top10_arrived,liquidity_arrived,safety_changed,tags_arrived","bitquery_ge_80,holders_count_eq_1,bitquery_minus_effective_ge_20,effective_close_to_late_gmgn",74.7797,74.7714,0.0083
Ecj8egNN,99.6479,66.5976,66.5976,25.446,23.6,1,1,"gmgn_top10_arrived,liquidity_arrived,safety_changed,tags_arrived","bitquery_ge_80,holders_count_eq_1,bitquery_minus_effective_ge_20,effective_close_to_late_gmgn",74.2019,76.0479,1.846
2o2fxbNi,97.0,64.6192,64.6192,23.4483,25.3,1,1,"gmgn_top10_arrived,liquidity_arrived,safety_changed,tags_arrived","bitquery_ge_80,holders_count_eq_1,bitquery_minus_effective_ge_20,effective_close_to_late_gmgn",73.5517,71.7,1.8517
FRqNsgnE,99.9659,63.7555,63.7555,26.8323,26.4,1,2,"gmgn_top10_arrived,liquidity_arrived,safety_changed,tags_arrived","bitquery_ge_80,holders_count_eq_1,bitquery_minus_effective_ge_20,effective_close_to_late_gmgn",73.1336,73.5659,0.4323
HDXRv5nA,92.477,65.2138,65.2138,19.6389,20.2,1,2,"gmgn_top10_arrived,liquidity_arrived,safety_changed,tags_arrived","bitquery_ge_80,holders_count_eq_1,bitquery_minus_effective_ge_20,effective_close_to_late_gmgn",72.8381,72.277,0.5611
79vPo4uv,96.5801,71.9386,71.9386,24.672,26.9,1,4,"gmgn_top10_arrived,liquidity_arrived,safety_changed,tags_arrived","bitquery_ge_80,holders_count_eq_1,bitquery_minus_effective_ge_20,effective_close_to_late_gmgn",71.9081,69.6801,2.228
8TC2mFdB,96.5801,70.5107,70.5107,26.4626,27.2,1,1,"gmgn_top10_arrived,liquidity_arrived,safety_changed,tags_arrived","bitquery_ge_80,holders_count_eq_1,bitquery_minus_effective_ge_20,effective_close_to_late_gmgn",70.1175,69.3801,0.7374
Hkjs2YiU,87.5142,63.7631,63.7631,17.5485,28.4,1,2,"gmgn_top10_arrived,safety_changed,tags_arrived","bitquery_ge_80,holders_count_eq_1,bitquery_minus_effective_ge_20",69.9657,59.1142,10.8515
Dwufj9wf,88.3612,51.4482,51.4482,18.4423,16.4,1,1,"gmgn_top10_arrived,liquidity_arrived,safety_changed,tags_arrived","bitquery_ge_80,holders_count_eq_1,bitquery_minus_effective_ge_20,effective_close_to_late_gmgn",69.9189,71.9612,2.0423
8zZEvgQ9,95.0744,66.5797,66.5797,25.3667,25.3,1,2,"gmgn_top10_arrived,liquidity_arrived,safety_changed,tags_arrived","bitquery_ge_80,holders_count_eq_1,bitquery_minus_effective_ge_20,effective_close_to_late_gmgn",69.7077,69.7744,0.0667
A9BrDmrh,96.5719,61.9552,61.9552,27.2667,28.2,1,2,"gmgn_top10_arrived,liquidity_arrived,safety_changed,tags_arrived","bitquery_ge_80,holders_count_eq_1,bitquery_minus_effective_ge_20,effective_close_to_late_gmgn",69.3052,68.3719,0.9333
5gqCuu3Y,99.8955,59.0534,59.0534,30.9807,32.4,1,2,"gmgn_top10_arrived,liquidity_arrived,safety_changed,tags_arrived","bitquery_ge_80,holders_count_eq_1,bitquery_minus_effective_ge_20,effective_close_to_late_gmgn",68.9148,67.4955,1.4193
Eb4syuuT,93.2938,61.0723,61.0723,25.354,24.7,1,2,"gmgn_top10_arrived,liquidity_arrived,safety_changed,tags_arrived","bitquery_ge_80,holders_count_eq_1,bitquery_minus_effective_ge_20,effective_close_to_late_gmgn",67.9398,68.5938,0.654
DTqTCUbh,93.3714,62.9328,62.9328,25.6855,25.7,1,1,"gmgn_top10_arrived,liquidity_arrived,safety_changed,tags_arrived","bitquery_ge_80,holders_count_eq_1,bitquery_minus_effective_ge_20,effective_close_to_late_gmgn",67.6859,67.6714,0.0145
H6Z2yh9g,90.0,77.7986,77.7986,23.0883,23.3,1,1,"gmgn_top10_arrived,liquidity_arrived,safety_changed,tags_arrived","bitquery_ge_80,holders_count_eq_1,bitquery_minus_effective_ge_20,effective_close_to_late_gmgn",66.9117,66.7,0.2117
8yyj9KEU,88.3489,70.2082,70.2082,22.2197,22.3,1,1,"gmgn_top10_arrived,liquidity_arrived,safety_changed,tags_arrived","bitquery_ge_80,holders_count_eq_1,bitquery_minus_effective_ge_20,effective_close_to_late_gmgn",66.1292,66.0489,0.0803
7prgB341,90.3551,65.565,65.565,24.3371,23.6,1,1,"gmgn_top10_arrived,liquidity_arrived,safety_changed,tags_arrived","bitquery_ge_80,holders_count_eq_1,bitquery_minus_effective_ge_20,effective_close_to_late_gmgn",66.018,66.7551,0.7371
3QDE1FR2,90.3551,64.5216,64.5216,25.5182,25.5,1,2,"gmgn_top10_arrived,liquidity_arrived,safety_changed,tags_arrived","bitquery_ge_80,holders_count_eq_1,bitquery_minus_effective_ge_20,effective_close_to_late_gmgn",64.8369,64.8551,0.0182
CD1RbJ1W,84.8339,73.7691,73.7691,20.2156,23.9,1,2,"gmgn_top10_arrived,liquidity_arrived,safety_changed,tags_arrived","bitquery_ge_80,holders_count_eq_1,bitquery_minus_effective_ge_20,effective_close_to_late_gmgn",64.6183,60.9339,3.6844
8AmVXEAF,84.8339,66.0963,66.0963,23.7184,23.9,1,1,"gmgn_top10_arrived,liquidity_arrived,safety_changed,tags_arrived","bitquery_ge_80,holders_count_eq_1,bitquery_minus_effective_ge_20,effective_close_to_late_gmgn",61.1155,60.9339,0.1816
4kgMxJ5c,84.8339,65.5395,65.5395,24.5983,24.3,1,1,"gmgn_top10_arrived,liquidity_arrived,safety_changed,tags_arrived","bitquery_ge_80,holders_count_eq_1,bitquery_minus_effective_ge_20,effective_close_to_late_gmgn",60.2356,60.5339,0.2983
4eRGWj3i,95.2724,66.7455,66.7455,39.0704,39.1,1,1,"gmgn_top10_arrived,liquidity_arrived,safety_changed,tags_arrived","bitquery_ge_80,holders_count_eq_1,bitquery_minus_effective_ge_20,effective_close_to_late_gmgn",56.202,56.1724,0.0296
